sampleid	BarcodeSequence	LinkerPrimerSequence	Loc	FW	group	groups	Type_of_soil	Root_L	Stem_L	Root_DW	Treatment	TOC	Root_FW	ReversePrimer	Leaves_No	SMC	pH	Silt	WHC	TN	Plot	EC	DW	Sand	Clay	Arbus_per	Cod_No	Code	Month	Description	Type	q	value	qs
1.2RO	TAAGGCGATATCCTCT	TAGCATGGAATAATNNAATA	1	36.2	Roots32	Roots3	Roots	37	45	3.2	Extreme_dry	36	10.7	TCTGGACCTGGTGAGTTTCC	5	5.17	7.6	28.86	590.4	1.81	2	1.77	9.9	59.04	12.09	40	3	2	2	RO_L1_P2_T3_C2_2	Roots	q0	11	q0 (species richness)
1.8RO	TAAGGCGACTAAGCCT	TAGCATGGAATAATNNAATA	1	39	Roots31	Roots3	Roots	36	37	1.6	Extreme_dry	31.99	8.1	TCTGGACCTGGTGAGTTTCC	6	9.03	8.07	30.61	607.4	1.68	1	2.06	8.5	53.76	15.62	28.57	8	8	2	RO_L1_P1_T3_C8_2	Roots	q0	14	q0 (species richness)
2.10RO	CGTACTAGTATCCTCT	TAGCATGGAATAATNNAATA	2	53.4	Roots32	Roots3	Roots	41	49	1.6	Extreme_dry	36	13.5	TCTGGACCTGGTGAGTTTCC	6	5.17	7.6	28.86	590.4	1.81	2	1.77	6.2	59.04	12.09	62.5	11	10	2	RO_L2_P2_T3_C10_2	Roots	q0	15	q0 (species richness)
2.14RO	AGGCAGAACTCTCTAT	TAGCATGGAATAATNNAATA	2	66.3	Roots22	Roots2	Roots	38	59	2.8	Dry	36	15.2	TCTGGACCTGGTGAGTTTCC	9	5.17	7.6	28.86	590.4	1.81	2	1.77	7.1	59.04	12.09	70	18	14	2	RO_L2_P2_T2_C14_2	Roots	q0	14	q0 (species richness)
2.3RO	TAAGGCGAAGAGTAGA	TAGCATGGAATAATNNAATA	2	39.2	Roots31	Roots3	Roots	43	46	2	Extreme_dry	31.99	4.8	TCTGGACCTGGTGAGTTTCC	5	9.03	8.07	30.61	607.4	1.68	1	2.06	10.6	53.76	15.62	50	4	3	2	RO_L2_P1_T3_C3_2	Roots	q0	14	q0 (species richness)
2.7RO	TAAGGCGAACTGCATA	TAGCATGGAATAATNNAATA	2	78	Roots21	Roots2	Roots	38	73	4.8	Dry	31.99	15.4	TCTGGACCTGGTGAGTTTCC	7	9.03	8.07	30.61	607.4	1.68	1	2.06	10.1	53.76	15.62	80	6	7	2	RO_L2_P1_T2_C7_2	Roots	q0	12	q0 (species richness)
3.14RO	AGGCAGAATATCCTCT	TAGCATGGAATAATNNAATA	3	39	Roots31	Roots3	Roots	52	40	1.6	Extreme_dry	31.99	8.5	TCTGGACCTGGTGAGTTTCC	5	9.03	8.07	30.61	607.4	1.68	1	2.06	6.5	53.76	15.62	40	19	14	2	RO_L3_P1_T3_C14_2	Roots	q0	28	q0 (species richness)
3.7RO	TAAGGCGAAAGGAGTA	TAGCATGGAATAATNNAATA	3	186.6	Roots12	Roots1	Roots	52	84	8.4	Wet	36	74	TCTGGACCTGGTGAGTTTCC	9	5.17	7.6	28.86	590.4	1.81	2	1.77	23.1	59.04	12.09	44.44	7	7	2	RO_L3_P2_T1_C7_2	Roots	q0	9	q0 (species richness)
4.12RO	CGTACTAGACTGCATA	TAGCATGGAATAATNNAATA	4	178.4	Roots12	Roots1	Roots	48	83	6.8	Wet	36	67	TCTGGACCTGGTGAGTTTCC	9	5.17	7.6	28.86	590.4	1.81	2	1.77	19.9	59.04	12.09	85.71	14	12	2	RO_L4_P2_T1_C12_2	Roots	q0	11	q0 (species richness)
4.16RO	TCCTGAGCAGAGTAGA	TAGCATGGAATAATNNAATA	4	75.7	Roots21	Roots2	Roots	41	56	3.6	Dry	41	19.5	TCTGGACCTGGTGAGTTTCC	9	6.34	7.7	26.04	554.5	2.4	1	1.92	8.8	59.94	14.01	80	24	16	2	RO_L4_P1_T2_C16_2	Roots	q0	13	q0 (species richness)
4.1RO	TAAGGCGATAGATCGC	TAGCATGGAATAATNNAATA	4	172.7	Roots13	Roots1	Roots	55	81	8.8	Wet	41	57	TCTGGACCTGGTGAGTTTCC	9	6.34	7.7	26.04	554.5	2.4	3	1.92	25.2	59.94	14.01	70	1	1	2	RO_L4_P3_T1_C1_2	Roots	q0	11	q0 (species richness)
5.14RO	AGGCAGAAAGAGTAGA	TAGCATGGAATAATNNAATA	5	39.7	Roots32	Roots3	Roots	23	38	1.6	Extreme_dry	36	12.6	TCTGGACCTGGTGAGTTTCC	5	5.17	7.6	28.86	590.4	1.81	2	1.77	6.3	59.04	12.09	70	20	14	2	RO_L5_P2_T3_C14_2	Roots	q0	16	q0 (species richness)
5.8RO	CGTACTAGTAGATCGC	TAGCATGGAATAATNNAATA	5	35.5	Roots33	Roots3	Roots	43	45	1.2	Extreme_dry	41	7.5	TCTGGACCTGGTGAGTTTCC	6	6.34	7.7	26.04	554.5	2.4	3	1.92	6.2	59.94	14.01	80	9	8	2	RO_L5_P3_T3_C8_2	Roots	q0	18	q0 (species richness)
6.13RO	AGGCAGAATAGATCGC	TAGCATGGAATAATNNAATA	6	222.2	Roots13	Roots1	Roots	67	82	20.8	Wet	41	79.5	TCTGGACCTGGTGAGTTTCC	9	6.34	7.7	26.04	554.5	2.4	3	1.92	33.5	59.94	14.01	90	17	13	2	RO_L6_P3_T1_C13_2	Roots	q0	16	q0 (species richness)
7.1RO	TAAGGCGACTCTCTAT	TAGCATGGAATAATNNAATA	7	166	Roots11	Roots1	Roots	60	88	5.6	Wet	31.99	48.9	TCTGGACCTGGTGAGTTTCC	11	9.03	8.07	30.61	607.4	1.68	1	2.06	26	53.76	15.62	50	2	1	2	RO_L7_P1_T1_C1_2	Roots	q0	6	q0 (species richness)
7.23RO	GGACTCCTACTGCATA	TAGCATGGAATAATNNAATA	7	67.1	Roots23	Roots2	Roots	46	67	5.6	Dry	41	15.6	TCTGGACCTGGTGAGTTTCC	6	6.34	7.7	26.04	554.5	2.4	3	1.92	11.6	59.94	14.01	83.33	27	23	2	RO_L7_P3_T2_C23_2	Roots	q0	4	q0 (species richness)
7.9RO	CGTACTAGCTCTCTAT	TAGCATGGAATAATNNAATA	7	96.4	Roots21	Roots2	Roots	52	75	4	Dry	31.99	24.8	TCTGGACCTGGTGAGTTTCC	9	9.03	8.07	30.61	607.4	1.68	1	2.06	14.9	53.76	15.62	70	10	9	2	RO_L7_P1_T2_C9_2	Roots	q0	12	q0 (species richness)
1.8RI	GGACTCCTACTGCATA	TAGCATGGAATAATNNAATA	1	39	Rizospheric31	Rizospheric3	Rizospheric	36	37	1.6	Extreme_dry	31.99	8.1	TCTGGACCTGGTGAGTTTCC	6	9.03	8.07	30.61	607.4	1.68	1	2.06	8.5	53.76	15.62	28.57	34	8	2	RI_L1_P1_T3_C8_2	Rhizosphere	q0	15	q0 (species richness)
2.10RI	CGAGGCTGTAGATCGC	TAGCATGGAATAATNNAATA	2	53.4	Rizospheric32	Rizospheric3	Rizospheric	41	49	1.6	Extreme_dry	36	13.5	TCTGGACCTGGTGAGTTTCC	6	5.17	7.6	28.86	590.4	1.81	2	1.77	6.2	59.04	12.09	62.5	37	10	2	RI_L2_P2_T3_C10_2	Rhizosphere	q0	16	q0 (species richness)
2.11RI	CGAGGCTGTATCCTCT	TAGCATGGAATAATNNAATA	2	139.8	Rizospheric12	Rizospheric1	Rizospheric	53	71	2	Wet	36	44.1	TCTGGACCTGGTGAGTTTCC	10	5.17	7.6	28.86	590.4	1.81	2	1.77	17.1	59.04	12.09	50	39	11	2	RI_L2_P2_T1_C11_2	Rhizosphere	q0	13	q0 (species richness)
2.13RI	AAGAGGCACTCTCTAT	TAGCATGGAATAATNNAATA	2	42.2	Rizospheric33	Rizospheric3	Rizospheric	30	46	2.4	Extreme_dry	41	10.2	TCTGGACCTGGTGAGTTTCC	6	6.34	7.7	26.04	554.5	2.4	3	1.92	9	59.94	14.01	50	41	13	2	RI_L2_P3_T3_C13_2	Rhizosphere	q0	12	q0 (species richness)
2.14RI	GTAGAGGACTCTCTAT	TAGCATGGAATAATNNAATA	2	66.3	Rizospheric22	Rizospheric2	Rizospheric	38	59	2.8	Dry	36	15.2	TCTGGACCTGGTGAGTTTCC	9	5.17	7.6	28.86	590.4	1.81	2	1.77	7.1	59.04	12.09	70	44	14	2	RI_L2_P2_T2_C14_2	Rhizosphere	q0	31	q0 (species richness)
2.3RI	AGGCAGAAAGAGTAGA	TAGCATGGAATAATNNAATA	2	39.2	Rizospheric31	Rizospheric3	Rizospheric	43	46	2	Extreme_dry	31.99	4.8	TCTGGACCTGGTGAGTTTCC	5	9.03	8.07	30.61	607.4	1.68	1	2.06	10.6	53.76	15.62	50	30	3	2	RI_L2_P1_T3_C3_2	Rhizosphere	q0	42	q0 (species richness)
3.10RI	CGAGGCTGCTCTCTAT	TAGCATGGAATAATNNAATA	3	47.9	Rizospheric23	Rizospheric2	Rizospheric	45	57	2.8	Dry	41	10.9	TCTGGACCTGGTGAGTTTCC	5	6.34	7.7	26.04	554.5	2.4	3	1.92	7.2	59.94	14.01	70	38	10	2	RI_L3_P3_T2_C10_2	Rhizosphere	q0	21	q0 (species richness)
3.13RI	AAGAGGCAAGAGTAGA	TAGCATGGAATAATNNAATA	3	150.7	Rizospheric11	Rizospheric1	Rizospheric	69	67	8	Wet	31.99	53	TCTGGACCTGGTGAGTTTCC	11	9.03	8.07	30.61	607.4	1.68	1	2.06	19.6	53.76	15.62	33.33	42	13	2	RI_L3_P1_T1_C13_2	Rhizosphere	q0	15	q0 (species richness)
3.14RI	GTAGAGGAAGAGTAGA	TAGCATGGAATAATNNAATA	3	39	Rizospheric31	Rizospheric3	Rizospheric	52	40	1.6	Extreme_dry	31.99	8.5	TCTGGACCTGGTGAGTTTCC	5	9.03	8.07	30.61	607.4	1.68	1	2.06	6.5	53.76	15.62	40	45	14	2	RI_L3_P1_T3_C14_2	Rhizosphere	q0	17	q0 (species richness)
3.4RI	TCCTGAGCAGAGTAGA	TAGCATGGAATAATNNAATA	3	48.2	Rizospheric33	Rizospheric3	Rizospheric	41	44	2	Extreme_dry	41	8.8	TCTGGACCTGGTGAGTTTCC	5	6.34	7.7	26.04	554.5	2.4	3	1.92	10.8	59.94	14.01	90	31	4	2	RI_L3_P3_T3_C4_2	Rhizosphere	q0	21	q0 (species richness)
4.12RI	CGAGGCTGAGAGTAGA	TAGCATGGAATAATNNAATA	4	178.4	Rizospheric12	Rizospheric1	Rizospheric	48	83	6.8	Wet	36	67	TCTGGACCTGGTGAGTTTCC	9	5.17	7.6	28.86	590.4	1.81	2	1.77	19.9	59.04	12.09	85.71	40	12	2	RI_L4_P2_T1_C12_2	Rhizosphere	q0	15	q0 (species richness)
4.1RI	TAAGGCGATAGATCGC	TAGCATGGAATAATNNAATA	4	172.7	Rizospheric13	Rizospheric1	Rizospheric	55	81	8.8	Wet	41	57	TCTGGACCTGGTGAGTTTCC	9	6.34	7.7	26.04	554.5	2.4	3	1.92	25.2	59.94	14.01	70	28	1	2	RI_L4_P3_T1_C1_2	Rhizosphere	q0	15	q0 (species richness)
5.14RI	GTAGAGGAACTGCATA	TAGCATGGAATAATNNAATA	5	39.7	Rizospheric32	Rizospheric3	Rizospheric	23	38	1.6	Extreme_dry	36	12.6	TCTGGACCTGGTGAGTTTCC	5	5.17	7.6	28.86	590.4	1.81	2	1.77	6.3	59.04	12.09	70	46	14	2	RO_L5_P2_T3_C14_2	Rhizosphere	q0	17	q0 (species richness)
5.8RI	TAGGCATGACTGCATA	TAGCATGGAATAATNNAATA	5	35.5	Rizospheric33	Rizospheric3	Rizospheric	43	45	1.2	Extreme_dry	41	7.5	TCTGGACCTGGTGAGTTTCC	6	6.34	7.7	26.04	554.5	2.4	3	1.92	6.2	59.94	14.01	80	35	8	2	RI_L5_P3_T3_C8_2	Rhizosphere	q0	17	q0 (species richness)
6.13RI	AAGAGGCACTAAGCCT	TAGCATGGAATAATNNAATA	6	222.2	Rizospheric13	Rizospheric1	Rizospheric	67	82	20.8	Wet	41	79.5	TCTGGACCTGGTGAGTTTCC	9	6.34	7.7	26.04	554.5	2.4	3	1.92	33.5	59.94	14.01	90	43	13	2	RI_L6_P3_T1_C13_2	Rhizosphere	q0	13	q0 (species richness)
7.1RI	CGTACTAGCTCTCTAT	TAGCATGGAATAATNNAATA	7	166	Rizospheric11	Rizospheric1	Rizospheric	60	88	5.6	Wet	31.99	48.9	TCTGGACCTGGTGAGTTTCC	11	9.03	8.07	30.61	607.4	1.68	1	2.06	26	53.76	15.62	50	29	1	2	RI_L7_P1_T1_C1_2	Rhizosphere	q0	17	q0 (species richness)
7.9RI	TAGGCATGAAGGAGTA	TAGCATGGAATAATNNAATA	7	96.4	Rizospheric21	Rizospheric2	Rizospheric	52	75	4	Dry	31.99	24.8	TCTGGACCTGGTGAGTTTCC	9	9.03	8.07	30.61	607.4	1.68	1	2.06	14.9	53.76	15.62	70	36	9	2	RI_L7_P1_T2_C9_2	Rhizosphere	q0	8	q0 (species richness)
1.2NR	TAGGCATGAAGGAGTA	TAGCATGGAATAATNNAATA	1	36.2	Non-rizospheric32	Non-rizospheric3	Non-rizospheric	37	45	3.2	Extreme_dry	36	10.7	TCTGGACCTGGTGAGTTTCC	5	5.17	7.6	28.86	590.4	1.81	2	1.77	9.9	59.04	12.09	40	56	2	2	NR_L1_P2_T3_C2_2	Bulk soil	q0	1	q0 (species richness)
1.8NR	AAGAGGCACTCTCTAT	TAGCATGGAATAATNNAATA	1	39	Non-rizospheric31	Non-rizospheric3	Non-rizospheric	36	37	1.6	Extreme_dry	31.99	8.1	TCTGGACCTGGTGAGTTTCC	6	9.03	8.07	30.61	607.4	1.68	1	2.06	8.5	53.76	15.62	28.57	61	8	2	NR_L1_P1_T3_C8_2	Bulk soil	q0	2	q0 (species richness)
2.10NR	GTAGAGGACTCTCTAT	TAGCATGGAATAATNNAATA	2	53.4	Non-rizospheric32	Non-rizospheric3	Non-rizospheric	41	49	1.6	Extreme_dry	36	13.5	TCTGGACCTGGTGAGTTTCC	6	5.17	7.6	28.86	590.4	1.81	2	1.77	6.2	59.04	12.09	62.5	64	10	2	NR_L2_P2_T3_C10_2	Bulk soil	q0	4	q0 (species richness)
2.11NR	GTAGAGGAACTGCATA	TAGCATGGAATAATNNAATA	2	139.8	Non-rizospheric12	Non-rizospheric1	Non-rizospheric	53	71	2	Wet	36	44.1	TCTGGACCTGGTGAGTTTCC	10	5.17	7.6	28.86	590.4	1.81	2	1.77	17.1	59.04	12.09	50	66	11	2	NR_L2_P2_T1_C11_2	Bulk soil	q0	5	q0 (species richness)
2.15RI	TAAGGCGATAGATCGC	TAGCATGGAATAATNNAATA	2	78.4	Rizospheric22	Rizospheric2	Rizospheric	39	51	2.4	Dry	36	16	TCTGGACCTGGTGAGTTTCC	7	5.17	7.6	28.86	590.4	1.81	2	1.77	12.3	59.04	12.09	62.5	47	15	2	RI_L2_P2_T2_C15_2	Rhizosphere	q0	2	q0 (species richness)
2.3NR	CGAGGCTGTAGATCGC	TAGCATGGAATAATNNAATA	2	39.2	Non-rizospheric31	Non-rizospheric3	Non-rizospheric	43	46	2	Extreme_dry	31.99	4.8	TCTGGACCTGGTGAGTTTCC	5	9.03	8.07	30.61	607.4	1.68	1	2.06	10.6	53.76	15.62	50	57	3	2	NR_L2_P1_T3_C3_2	Bulk soil	q0	9	q0 (species richness)
2.7NR	CGAGGCTGTATCCTCT	TAGCATGGAATAATNNAATA	2	78	Non-rizospheric21	Non-rizospheric2	Non-rizospheric	38	73	4.8	Dry	31.99	15.4	TCTGGACCTGGTGAGTTTCC	7	9.03	8.07	30.61	607.4	1.68	1	2.06	10.1	53.76	15.62	80	59	7	2	NR_L2_P1_T2_C7_2	Bulk soil	q0	2	q0 (species richness)
3.10NR	GTAGAGGAAGAGTAGA	TAGCATGGAATAATNNAATA	3	47.9	Non-rizospheric23	Non-rizospheric2	Non-rizospheric	45	57	2.8	Dry	41	10.9	TCTGGACCTGGTGAGTTTCC	5	6.34	7.7	26.04	554.5	2.4	3	1.92	7.2	59.94	14.01	70	65	10	2	NR_L3_P3_T2_C10_2	Bulk soil	q0	1	q0 (species richness)
3.16RI	AGGCAGAATATCCTCT	TAGCATGGAATAATNNAATA	3	91.5	Rizospheric22	Rizospheric2	Rizospheric	58	70	2.4	Dry	36	12.9	TCTGGACCTGGTGAGTTTCC	8	5.17	7.6	28.86	590.4	1.81	2	1.77	10.5	59.04	12.09	25	49	16	2	RI_L3_P2_T3_C16_2	Rhizosphere	q0	6	q0 (species richness)
3.4NR	CGAGGCTGCTCTCTAT	TAGCATGGAATAATNNAATA	3	48.2	Non-rizospheric33	Non-rizospheric3	Non-rizospheric	41	44	2	Extreme_dry	41	8.8	TCTGGACCTGGTGAGTTTCC	5	6.34	7.7	26.04	554.5	2.4	3	1.92	10.8	59.94	14.01	90	58	4	2	NR_L3_P3_T3_C4_2	Bulk soil	q0	7	q0 (species richness)
3.7NR	CGAGGCTGAGAGTAGA	TAGCATGGAATAATNNAATA	3	186.6	Non-rizospheric12	Non-rizospheric1	Non-rizospheric	52	84	8.4	Wet	36	74	TCTGGACCTGGTGAGTTTCC	9	5.17	7.6	28.86	590.4	1.81	2	1.77	23.1	59.04	12.09	44.44	60	7	2	NR_L3_P2_T1_C7_2	Bulk soil	q0	10	q0 (species richness)
4.12NR	GTAGAGGAAAGGAGTA	TAGCATGGAATAATNNAATA	4	178.4	Non-rizospheric12	Non-rizospheric1	Non-rizospheric	48	83	6.8	Wet	36	67	TCTGGACCTGGTGAGTTTCC	9	5.17	7.6	28.86	590.4	1.81	2	1.77	19.9	59.04	12.09	85.71	67	12	2	NR_L4_P2_T1_C12_2	Bulk soil	q0	2	q0 (species richness)
4.16RI	AGGCAGAAAGAGTAGA	TAGCATGGAATAATNNAATA	4	75.7	Rizospheric21	Rizospheric2	Rizospheric	41	56	3.6	Dry	41	19.5	TCTGGACCTGGTGAGTTTCC	9	6.34	7.7	26.04	554.5	2.4	1	1.92	8.8	59.94	14.01	80	50	16	2	RI_L4_P1_T2_C16_2	Rhizosphere	q0	4	q0 (species richness)
4.1NR	GGACTCCTACTGCATA	TAGCATGGAATAATNNAATA	4	172.7	Non-rizospheric13	Non-rizospheric1	Non-rizospheric	55	81	8.8	Wet	41	57	TCTGGACCTGGTGAGTTTCC	9	6.34	7.7	26.04	554.5	2.4	3	1.92	25.2	59.94	14.01	70	54	1	2	NR_L4_P3_T1_C1_2	Bulk soil	q0	22	q0 (species richness)
5.8NR	AAGAGGCAAGAGTAGA	TAGCATGGAATAATNNAATA	5	35.5	Non-rizospheric33	Non-rizospheric3	Non-rizospheric	43	45	1.2	Extreme_dry	41	7.5	TCTGGACCTGGTGAGTTTCC	6	6.34	7.7	26.04	554.5	2.4	3	1.92	6.2	59.94	14.01	80	62	8	2	NR_L5_P3_T3_C8_2	Bulk soil	q0	5	q0 (species richness)
6.16RI	TCCTGAGCAGAGTAGA	TAGCATGGAATAATNNAATA	6	91.5	Rizospheric11	Rizospheric1	Rizospheric	58	70	2.4	Wet	36	12.9	TCTGGACCTGGTGAGTTTCC	8	5.17	7.6	28.86	590.4	1.81	1	1.77	10.5	59.04	12.09	25	51	16	2	RI_L6_P1_T1_C16_2	Rhizosphere	q0	4	q0 (species richness)
7.1NR	TAGGCATGACTGCATA	TAGCATGGAATAATNNAATA	7	166	Non-rizospheric11	Non-rizospheric1	Non-rizospheric	60	88	5.6	Wet	31.99	48.9	TCTGGACCTGGTGAGTTTCC	11	9.03	8.07	30.61	607.4	1.68	1	2.06	26	53.76	15.62	50	55	1	2	NR_L7_P1_T1_C1_2	Bulk soil	q0	16	q0 (species richness)
7.9NR	AAGAGGCACTAAGCCT	TAGCATGGAATAATNNAATA	7	96.4	Non-rizospheric21	Non-rizospheric2	Non-rizospheric	52	75	4	Dry	31.99	24.8	TCTGGACCTGGTGAGTTTCC	9	9.03	8.07	30.61	607.4	1.68	1	2.06	14.9	53.76	15.62	70	63	9	2	NR_L7_P1_T2_C9_2	Bulk soil	q0	2	q0 (species richness)
2.14NR	GGACTCCTACTGCATA	TAGCATGGAATAATNNAATA	2	66.3	Non-rizospheric22	Non-rizospheric2	Non-rizospheric	38	59	2.8	Dry	36	15.2	TCTGGACCTGGTGAGTTTCC	9	5.17	7.6	28.86	590.4	1.81	2	1.77	7.1	59.04	12.09	70	72	14	2	NR_L2_P2_T2_C14_2	Bulk soil	q0	8	q0 (species richness)
2.15NR	CGAGGCTGTAGATCGC	TAGCATGGAATAATNNAATA	2	78.4	Non-rizospheric22	Non-rizospheric2	Non-rizospheric	39	51	2.4	Dry	36	16	TCTGGACCTGGTGAGTTTCC	7	5.17	7.6	28.86	590.4	1.81	2	1.77	12.3	59.04	12.09	62.5	75	15	2	NR_L2_P2_T2_C15_2	Bulk soil	q0	5	q0 (species richness)
2.15RO	TAAGGCGATAGATCGC	TAGCATGGAATAATNNAATA	2	78.4	Roots22	Roots2	Roots	39	51	2.4	Dry	36	16	TCTGGACCTGGTGAGTTTCC	7	5.17	7.6	28.86	590.4	1.81	2	1.77	12.3	59.04	12.09	62.5	21	15	2	RO_L2_P2_T2_C15_2	Roots	q0	5	q0 (species richness)
2.16NR	CGAGGCTGCTCTCTAT	TAGCATGGAATAATNNAATA	2	75.7	Non-rizospheric23	Non-rizospheric2	Non-rizospheric	41	56	3.6	Dry	41	19.5	TCTGGACCTGGTGAGTTTCC	9	6.34	7.7	26.04	554.5	2.4	3	1.92	8.8	59.94	14.01	80	76	16	2	NR_L2_P3_T2_C16_2	Bulk soil	q0	2	q0 (species richness)
2.16RO	AGGCAGAATATCCTCT	TAGCATGGAATAATNNAATA	2	75.7	Roots23	Roots2	Roots	41	56	3.6	Dry	41	19.5	TCTGGACCTGGTGAGTTTCC	9	6.34	7.7	26.04	554.5	2.4	3	1.92	8.8	59.94	14.01	80	22	16	2	RO_L2_P3_T2_C16_2	Roots	q0	5	q0 (species richness)
3.14NR	TAGGCATGACTGCATA	TAGCATGGAATAATNNAATA	3	39	Non-rizospheric31	Non-rizospheric3	Non-rizospheric	52	40	1.6	Extreme_dry	31.99	8.5	TCTGGACCTGGTGAGTTTCC	5	9.03	8.07	30.61	607.4	1.68	1	2.06	6.5	53.76	15.62	40	73	14	2	NR_L3_P1_T3_C14_2	Bulk soil	q0	6	q0 (species richness)
3.16NR	CGAGGCTGTATCCTCT	TAGCATGGAATAATNNAATA	3	91.5	Non-rizospheric22	Non-rizospheric2	Non-rizospheric	58	70	2.4	Dry	36	12.9	TCTGGACCTGGTGAGTTTCC	8	5.17	7.6	28.86	590.4	1.81	2	1.77	10.5	59.04	12.09	25	77	16	2	NR_L3_P2_T2_C16_2	Bulk soil	q0	3	q0 (species richness)
3.16RO	AGGCAGAAAGAGTAGA	TAGCATGGAATAATNNAATA	3	91.5	Roots22	Roots2	Roots	58	70	2.4	Dry	36	12.9	TCTGGACCTGGTGAGTTTCC	8	5.17	7.6	28.86	590.4	1.81	2	1.77	10.5	59.04	12.09	25	23	16	2	RO_L3_P2_T2_C16_2	Roots	q0	3	q0 (species richness)
4.16NR	CGAGGCTGAGAGTAGA	TAGCATGGAATAATNNAATA	4	75.7	Non-rizospheric21	Non-rizospheric2	Non-rizospheric	41	56	3.6	Dry	41	19.5	TCTGGACCTGGTGAGTTTCC	9	6.34	7.7	26.04	554.5	2.4	1	1.92	8.8	59.94	14.01	80	78	16	2	NR_L4_P1_T2_C16_2	Bulk soil	q0	2	q0 (species richness)
4.18NR	AAGAGGCAAGAGTAGA	TAGCATGGAATAATNNAATA	4	152.4	Non-rizospheric13	Non-rizospheric1	Non-rizospheric	59	85	8	Wet	41	39.2	TCTGGACCTGGTGAGTTTCC	10	6.34	7.7	26.04	554.5	2.4	3	1.92	22.4	59.94	14.01	60	80	18	2	NR_L4_P3_T1_C18_2	Bulk soil	q0	4	q0 (species richness)
5.14NR	TAGGCATGAAGGAGTA	TAGCATGGAATAATNNAATA	5	39.7	Non-rizospheric32	Non-rizospheric3	Non-rizospheric	23	38	1.6	Extreme_dry	36	12.6	TCTGGACCTGGTGAGTTTCC	5	5.17	7.6	28.86	590.4	1.81	2	1.77	6.3	59.04	12.09	70	74	14	2	NR_L5_P2_T3_C14_2	Bulk soil	q0	1	q0 (species richness)
6.16NR	AAGAGGCACTCTCTAT	TAGCATGGAATAATNNAATA	6	91.5	Non-rizospheric11	Non-rizospheric1	Non-rizospheric	58	70	2.4	Wet	36	12.9	TCTGGACCTGGTGAGTTTCC	8	5.17	7.6	28.86	590.4	1.81	1	1.77	10.5	59.04	12.09	25	79	16	2	NR_L6_P1_T1_C16_2	Bulk soil	q0	1	q0 (species richness)
7.23NR	AAGAGGCACTAAGCCT	TAGCATGGAATAATNNAATA	7	67.1	Non-rizospheric23	Non-rizospheric2	Non-rizospheric	46	67	5.6	Dry	41	15.6	TCTGGACCTGGTGAGTTTCC	6	6.34	7.7	26.04	554.5	2.4	3	1.92	11.6	59.94	14.01	83.33	81	23	2	NR_L7_P3_T2_C23_2	Bulk soil	q0	1	q0 (species richness)
1.2RO	TAAGGCGATATCCTCT	TAGCATGGAATAATNNAATA	1	36.2	Roots32	Roots3	Roots	37	45	3.2	Extreme_dry	36	10.7	TCTGGACCTGGTGAGTTTCC	5	5.17	7.6	28.86	590.4	1.81	2	1.77	9.9	59.04	12.09	40	3	2	2	RO_L1_P2_T3_C2_2	Roots	q1	7.923776434009351	q1 (typical species)
1.8RO	TAAGGCGACTAAGCCT	TAGCATGGAATAATNNAATA	1	39	Roots31	Roots3	Roots	36	37	1.6	Extreme_dry	31.99	8.1	TCTGGACCTGGTGAGTTTCC	6	9.03	8.07	30.61	607.4	1.68	1	2.06	8.5	53.76	15.62	28.57	8	8	2	RO_L1_P1_T3_C8_2	Roots	q1	4.430655557586402	q1 (typical species)
2.10RO	CGTACTAGTATCCTCT	TAGCATGGAATAATNNAATA	2	53.4	Roots32	Roots3	Roots	41	49	1.6	Extreme_dry	36	13.5	TCTGGACCTGGTGAGTTTCC	6	5.17	7.6	28.86	590.4	1.81	2	1.77	6.2	59.04	12.09	62.5	11	10	2	RO_L2_P2_T3_C10_2	Roots	q1	5.88052644392745	q1 (typical species)
2.14RO	AGGCAGAACTCTCTAT	TAGCATGGAATAATNNAATA	2	66.3	Roots22	Roots2	Roots	38	59	2.8	Dry	36	15.2	TCTGGACCTGGTGAGTTTCC	9	5.17	7.6	28.86	590.4	1.81	2	1.77	7.1	59.04	12.09	70	18	14	2	RO_L2_P2_T2_C14_2	Roots	q1	2.0455072338239337	q1 (typical species)
2.3RO	TAAGGCGAAGAGTAGA	TAGCATGGAATAATNNAATA	2	39.2	Roots31	Roots3	Roots	43	46	2	Extreme_dry	31.99	4.8	TCTGGACCTGGTGAGTTTCC	5	9.03	8.07	30.61	607.4	1.68	1	2.06	10.6	53.76	15.62	50	4	3	2	RO_L2_P1_T3_C3_2	Roots	q1	8.59237626955472	q1 (typical species)
2.7RO	TAAGGCGAACTGCATA	TAGCATGGAATAATNNAATA	2	78	Roots21	Roots2	Roots	38	73	4.8	Dry	31.99	15.4	TCTGGACCTGGTGAGTTTCC	7	9.03	8.07	30.61	607.4	1.68	1	2.06	10.1	53.76	15.62	80	6	7	2	RO_L2_P1_T2_C7_2	Roots	q1	2.1554143153246335	q1 (typical species)
3.14RO	AGGCAGAATATCCTCT	TAGCATGGAATAATNNAATA	3	39	Roots31	Roots3	Roots	52	40	1.6	Extreme_dry	31.99	8.5	TCTGGACCTGGTGAGTTTCC	5	9.03	8.07	30.61	607.4	1.68	1	2.06	6.5	53.76	15.62	40	19	14	2	RO_L3_P1_T3_C14_2	Roots	q1	14.72799022280919	q1 (typical species)
3.7RO	TAAGGCGAAAGGAGTA	TAGCATGGAATAATNNAATA	3	186.6	Roots12	Roots1	Roots	52	84	8.4	Wet	36	74	TCTGGACCTGGTGAGTTTCC	9	5.17	7.6	28.86	590.4	1.81	2	1.77	23.1	59.04	12.09	44.44	7	7	2	RO_L3_P2_T1_C7_2	Roots	q1	5.320591515111859	q1 (typical species)
4.12RO	CGTACTAGACTGCATA	TAGCATGGAATAATNNAATA	4	178.4	Roots12	Roots1	Roots	48	83	6.8	Wet	36	67	TCTGGACCTGGTGAGTTTCC	9	5.17	7.6	28.86	590.4	1.81	2	1.77	19.9	59.04	12.09	85.71	14	12	2	RO_L4_P2_T1_C12_2	Roots	q1	4.899430159968045	q1 (typical species)
4.16RO	TCCTGAGCAGAGTAGA	TAGCATGGAATAATNNAATA	4	75.7	Roots21	Roots2	Roots	41	56	3.6	Dry	41	19.5	TCTGGACCTGGTGAGTTTCC	9	6.34	7.7	26.04	554.5	2.4	1	1.92	8.8	59.94	14.01	80	24	16	2	RO_L4_P1_T2_C16_2	Roots	q1	5.150149718744956	q1 (typical species)
4.1RO	TAAGGCGATAGATCGC	TAGCATGGAATAATNNAATA	4	172.7	Roots13	Roots1	Roots	55	81	8.8	Wet	41	57	TCTGGACCTGGTGAGTTTCC	9	6.34	7.7	26.04	554.5	2.4	3	1.92	25.2	59.94	14.01	70	1	1	2	RO_L4_P3_T1_C1_2	Roots	q1	2.933466116052321	q1 (typical species)
5.14RO	AGGCAGAAAGAGTAGA	TAGCATGGAATAATNNAATA	5	39.7	Roots32	Roots3	Roots	23	38	1.6	Extreme_dry	36	12.6	TCTGGACCTGGTGAGTTTCC	5	5.17	7.6	28.86	590.4	1.81	2	1.77	6.3	59.04	12.09	70	20	14	2	RO_L5_P2_T3_C14_2	Roots	q1	5.897711754111148	q1 (typical species)
5.8RO	CGTACTAGTAGATCGC	TAGCATGGAATAATNNAATA	5	35.5	Roots33	Roots3	Roots	43	45	1.2	Extreme_dry	41	7.5	TCTGGACCTGGTGAGTTTCC	6	6.34	7.7	26.04	554.5	2.4	3	1.92	6.2	59.94	14.01	80	9	8	2	RO_L5_P3_T3_C8_2	Roots	q1	10.588367935391558	q1 (typical species)
6.13RO	AGGCAGAATAGATCGC	TAGCATGGAATAATNNAATA	6	222.2	Roots13	Roots1	Roots	67	82	20.8	Wet	41	79.5	TCTGGACCTGGTGAGTTTCC	9	6.34	7.7	26.04	554.5	2.4	3	1.92	33.5	59.94	14.01	90	17	13	2	RO_L6_P3_T1_C13_2	Roots	q1	1.6067687533415898	q1 (typical species)
7.1RO	TAAGGCGACTCTCTAT	TAGCATGGAATAATNNAATA	7	166	Roots11	Roots1	Roots	60	88	5.6	Wet	31.99	48.9	TCTGGACCTGGTGAGTTTCC	11	9.03	8.07	30.61	607.4	1.68	1	2.06	26	53.76	15.62	50	2	1	2	RO_L7_P1_T1_C1_2	Roots	q1	3.8685907764472756	q1 (typical species)
7.23RO	GGACTCCTACTGCATA	TAGCATGGAATAATNNAATA	7	67.1	Roots23	Roots2	Roots	46	67	5.6	Dry	41	15.6	TCTGGACCTGGTGAGTTTCC	6	6.34	7.7	26.04	554.5	2.4	3	1.92	11.6	59.94	14.01	83.33	27	23	2	RO_L7_P3_T2_C23_2	Roots	q1	1.5963611550903187	q1 (typical species)
7.9RO	CGTACTAGCTCTCTAT	TAGCATGGAATAATNNAATA	7	96.4	Roots21	Roots2	Roots	52	75	4	Dry	31.99	24.8	TCTGGACCTGGTGAGTTTCC	9	9.03	8.07	30.61	607.4	1.68	1	2.06	14.9	53.76	15.62	70	10	9	2	RO_L7_P1_T2_C9_2	Roots	q1	2.4114106862204525	q1 (typical species)
1.8RI	GGACTCCTACTGCATA	TAGCATGGAATAATNNAATA	1	39	Rizospheric31	Rizospheric3	Rizospheric	36	37	1.6	Extreme_dry	31.99	8.1	TCTGGACCTGGTGAGTTTCC	6	9.03	8.07	30.61	607.4	1.68	1	2.06	8.5	53.76	15.62	28.57	34	8	2	RI_L1_P1_T3_C8_2	Rhizosphere	q1	3.0567559135648006	q1 (typical species)
2.10RI	CGAGGCTGTAGATCGC	TAGCATGGAATAATNNAATA	2	53.4	Rizospheric32	Rizospheric3	Rizospheric	41	49	1.6	Extreme_dry	36	13.5	TCTGGACCTGGTGAGTTTCC	6	5.17	7.6	28.86	590.4	1.81	2	1.77	6.2	59.04	12.09	62.5	37	10	2	RI_L2_P2_T3_C10_2	Rhizosphere	q1	2.7478824068739165	q1 (typical species)
2.11RI	CGAGGCTGTATCCTCT	TAGCATGGAATAATNNAATA	2	139.8	Rizospheric12	Rizospheric1	Rizospheric	53	71	2	Wet	36	44.1	TCTGGACCTGGTGAGTTTCC	10	5.17	7.6	28.86	590.4	1.81	2	1.77	17.1	59.04	12.09	50	39	11	2	RI_L2_P2_T1_C11_2	Rhizosphere	q1	1.2231823044502625	q1 (typical species)
2.13RI	AAGAGGCACTCTCTAT	TAGCATGGAATAATNNAATA	2	42.2	Rizospheric33	Rizospheric3	Rizospheric	30	46	2.4	Extreme_dry	41	10.2	TCTGGACCTGGTGAGTTTCC	6	6.34	7.7	26.04	554.5	2.4	3	1.92	9	59.94	14.01	50	41	13	2	RI_L2_P3_T3_C13_2	Rhizosphere	q1	1.4842276505159302	q1 (typical species)
2.14RI	GTAGAGGACTCTCTAT	TAGCATGGAATAATNNAATA	2	66.3	Rizospheric22	Rizospheric2	Rizospheric	38	59	2.8	Dry	36	15.2	TCTGGACCTGGTGAGTTTCC	9	5.17	7.6	28.86	590.4	1.81	2	1.77	7.1	59.04	12.09	70	44	14	2	RI_L2_P2_T2_C14_2	Rhizosphere	q1	2.241223142991496	q1 (typical species)
2.3RI	AGGCAGAAAGAGTAGA	TAGCATGGAATAATNNAATA	2	39.2	Rizospheric31	Rizospheric3	Rizospheric	43	46	2	Extreme_dry	31.99	4.8	TCTGGACCTGGTGAGTTTCC	5	9.03	8.07	30.61	607.4	1.68	1	2.06	10.6	53.76	15.62	50	30	3	2	RI_L2_P1_T3_C3_2	Rhizosphere	q1	17.7206820949362	q1 (typical species)
3.10RI	CGAGGCTGCTCTCTAT	TAGCATGGAATAATNNAATA	3	47.9	Rizospheric23	Rizospheric2	Rizospheric	45	57	2.8	Dry	41	10.9	TCTGGACCTGGTGAGTTTCC	5	6.34	7.7	26.04	554.5	2.4	3	1.92	7.2	59.94	14.01	70	38	10	2	RI_L3_P3_T2_C10_2	Rhizosphere	q1	1.9365673614813874	q1 (typical species)
3.13RI	AAGAGGCAAGAGTAGA	TAGCATGGAATAATNNAATA	3	150.7	Rizospheric11	Rizospheric1	Rizospheric	69	67	8	Wet	31.99	53	TCTGGACCTGGTGAGTTTCC	11	9.03	8.07	30.61	607.4	1.68	1	2.06	19.6	53.76	15.62	33.33	42	13	2	RI_L3_P1_T1_C13_2	Rhizosphere	q1	1.6061742631059073	q1 (typical species)
3.14RI	GTAGAGGAAGAGTAGA	TAGCATGGAATAATNNAATA	3	39	Rizospheric31	Rizospheric3	Rizospheric	52	40	1.6	Extreme_dry	31.99	8.5	TCTGGACCTGGTGAGTTTCC	5	9.03	8.07	30.61	607.4	1.68	1	2.06	6.5	53.76	15.62	40	45	14	2	RI_L3_P1_T3_C14_2	Rhizosphere	q1	2.454893884356472	q1 (typical species)
3.4RI	TCCTGAGCAGAGTAGA	TAGCATGGAATAATNNAATA	3	48.2	Rizospheric33	Rizospheric3	Rizospheric	41	44	2	Extreme_dry	41	8.8	TCTGGACCTGGTGAGTTTCC	5	6.34	7.7	26.04	554.5	2.4	3	1.92	10.8	59.94	14.01	90	31	4	2	RI_L3_P3_T3_C4_2	Rhizosphere	q1	5.077404134208603	q1 (typical species)
4.12RI	CGAGGCTGAGAGTAGA	TAGCATGGAATAATNNAATA	4	178.4	Rizospheric12	Rizospheric1	Rizospheric	48	83	6.8	Wet	36	67	TCTGGACCTGGTGAGTTTCC	9	5.17	7.6	28.86	590.4	1.81	2	1.77	19.9	59.04	12.09	85.71	40	12	2	RI_L4_P2_T1_C12_2	Rhizosphere	q1	1.5966982155282925	q1 (typical species)
4.1RI	TAAGGCGATAGATCGC	TAGCATGGAATAATNNAATA	4	172.7	Rizospheric13	Rizospheric1	Rizospheric	55	81	8.8	Wet	41	57	TCTGGACCTGGTGAGTTTCC	9	6.34	7.7	26.04	554.5	2.4	3	1.92	25.2	59.94	14.01	70	28	1	2	RI_L4_P3_T1_C1_2	Rhizosphere	q1	5.347000907934708	q1 (typical species)
5.14RI	GTAGAGGAACTGCATA	TAGCATGGAATAATNNAATA	5	39.7	Rizospheric32	Rizospheric3	Rizospheric	23	38	1.6	Extreme_dry	36	12.6	TCTGGACCTGGTGAGTTTCC	5	5.17	7.6	28.86	590.4	1.81	2	1.77	6.3	59.04	12.09	70	46	14	2	RO_L5_P2_T3_C14_2	Rhizosphere	q1	2.314472675000288	q1 (typical species)
5.8RI	TAGGCATGACTGCATA	TAGCATGGAATAATNNAATA	5	35.5	Rizospheric33	Rizospheric3	Rizospheric	43	45	1.2	Extreme_dry	41	7.5	TCTGGACCTGGTGAGTTTCC	6	6.34	7.7	26.04	554.5	2.4	3	1.92	6.2	59.94	14.01	80	35	8	2	RI_L5_P3_T3_C8_2	Rhizosphere	q1	2.5844704847497604	q1 (typical species)
6.13RI	AAGAGGCACTAAGCCT	TAGCATGGAATAATNNAATA	6	222.2	Rizospheric13	Rizospheric1	Rizospheric	67	82	20.8	Wet	41	79.5	TCTGGACCTGGTGAGTTTCC	9	6.34	7.7	26.04	554.5	2.4	3	1.92	33.5	59.94	14.01	90	43	13	2	RI_L6_P3_T1_C13_2	Rhizosphere	q1	1.4354139291422596	q1 (typical species)
7.1RI	CGTACTAGCTCTCTAT	TAGCATGGAATAATNNAATA	7	166	Rizospheric11	Rizospheric1	Rizospheric	60	88	5.6	Wet	31.99	48.9	TCTGGACCTGGTGAGTTTCC	11	9.03	8.07	30.61	607.4	1.68	1	2.06	26	53.76	15.62	50	29	1	2	RI_L7_P1_T1_C1_2	Rhizosphere	q1	2.3752799988057047	q1 (typical species)
7.9RI	TAGGCATGAAGGAGTA	TAGCATGGAATAATNNAATA	7	96.4	Rizospheric21	Rizospheric2	Rizospheric	52	75	4	Dry	31.99	24.8	TCTGGACCTGGTGAGTTTCC	9	9.03	8.07	30.61	607.4	1.68	1	2.06	14.9	53.76	15.62	70	36	9	2	RI_L7_P1_T2_C9_2	Rhizosphere	q1	1.5534251799574834	q1 (typical species)
1.2NR	TAGGCATGAAGGAGTA	TAGCATGGAATAATNNAATA	1	36.2	Non-rizospheric32	Non-rizospheric3	Non-rizospheric	37	45	3.2	Extreme_dry	36	10.7	TCTGGACCTGGTGAGTTTCC	5	5.17	7.6	28.86	590.4	1.81	2	1.77	9.9	59.04	12.09	40	56	2	2	NR_L1_P2_T3_C2_2	Bulk soil	q1	1	q1 (typical species)
1.8NR	AAGAGGCACTCTCTAT	TAGCATGGAATAATNNAATA	1	39	Non-rizospheric31	Non-rizospheric3	Non-rizospheric	36	37	1.6	Extreme_dry	31.99	8.1	TCTGGACCTGGTGAGTTTCC	6	9.03	8.07	30.61	607.4	1.68	1	2.06	8.5	53.76	15.62	28.57	61	8	2	NR_L1_P1_T3_C8_2	Bulk soil	q1	1.033790943078361	q1 (typical species)
2.10NR	GTAGAGGACTCTCTAT	TAGCATGGAATAATNNAATA	2	53.4	Non-rizospheric32	Non-rizospheric3	Non-rizospheric	41	49	1.6	Extreme_dry	36	13.5	TCTGGACCTGGTGAGTTTCC	6	5.17	7.6	28.86	590.4	1.81	2	1.77	6.2	59.04	12.09	62.5	64	10	2	NR_L2_P2_T3_C10_2	Bulk soil	q1	1.5464831534686603	q1 (typical species)
2.11NR	GTAGAGGAACTGCATA	TAGCATGGAATAATNNAATA	2	139.8	Non-rizospheric12	Non-rizospheric1	Non-rizospheric	53	71	2	Wet	36	44.1	TCTGGACCTGGTGAGTTTCC	10	5.17	7.6	28.86	590.4	1.81	2	1.77	17.1	59.04	12.09	50	66	11	2	NR_L2_P2_T1_C11_2	Bulk soil	q1	1.4156099406574367	q1 (typical species)
2.15RI	TAAGGCGATAGATCGC	TAGCATGGAATAATNNAATA	2	78.4	Rizospheric22	Rizospheric2	Rizospheric	39	51	2.4	Dry	36	16	TCTGGACCTGGTGAGTTTCC	7	5.17	7.6	28.86	590.4	1.81	2	1.77	12.3	59.04	12.09	62.5	47	15	2	RI_L2_P2_T2_C15_2	Rhizosphere	q1	1.2790392468790168	q1 (typical species)
2.3NR	CGAGGCTGTAGATCGC	TAGCATGGAATAATNNAATA	2	39.2	Non-rizospheric31	Non-rizospheric3	Non-rizospheric	43	46	2	Extreme_dry	31.99	4.8	TCTGGACCTGGTGAGTTTCC	5	9.03	8.07	30.61	607.4	1.68	1	2.06	10.6	53.76	15.62	50	57	3	2	NR_L2_P1_T3_C3_2	Bulk soil	q1	2.6152526694419254	q1 (typical species)
2.7NR	CGAGGCTGTATCCTCT	TAGCATGGAATAATNNAATA	2	78	Non-rizospheric21	Non-rizospheric2	Non-rizospheric	38	73	4.8	Dry	31.99	15.4	TCTGGACCTGGTGAGTTTCC	7	9.03	8.07	30.61	607.4	1.68	1	2.06	10.1	53.76	15.62	80	59	7	2	NR_L2_P1_T2_C7_2	Bulk soil	q1	1.0677576480224205	q1 (typical species)
3.10NR	GTAGAGGAAGAGTAGA	TAGCATGGAATAATNNAATA	3	47.9	Non-rizospheric23	Non-rizospheric2	Non-rizospheric	45	57	2.8	Dry	41	10.9	TCTGGACCTGGTGAGTTTCC	5	6.34	7.7	26.04	554.5	2.4	3	1.92	7.2	59.94	14.01	70	65	10	2	NR_L3_P3_T2_C10_2	Bulk soil	q1	1	q1 (typical species)
3.16RI	AGGCAGAATATCCTCT	TAGCATGGAATAATNNAATA	3	91.5	Rizospheric22	Rizospheric2	Rizospheric	58	70	2.4	Dry	36	12.9	TCTGGACCTGGTGAGTTTCC	8	5.17	7.6	28.86	590.4	1.81	2	1.77	10.5	59.04	12.09	25	49	16	2	RI_L3_P2_T3_C16_2	Rhizosphere	q1	2.452137392584838	q1 (typical species)
3.4NR	CGAGGCTGCTCTCTAT	TAGCATGGAATAATNNAATA	3	48.2	Non-rizospheric33	Non-rizospheric3	Non-rizospheric	41	44	2	Extreme_dry	41	8.8	TCTGGACCTGGTGAGTTTCC	5	6.34	7.7	26.04	554.5	2.4	3	1.92	10.8	59.94	14.01	90	58	4	2	NR_L3_P3_T3_C4_2	Bulk soil	q1	2.1744130321613953	q1 (typical species)
3.7NR	CGAGGCTGAGAGTAGA	TAGCATGGAATAATNNAATA	3	186.6	Non-rizospheric12	Non-rizospheric1	Non-rizospheric	52	84	8.4	Wet	36	74	TCTGGACCTGGTGAGTTTCC	9	5.17	7.6	28.86	590.4	1.81	2	1.77	23.1	59.04	12.09	44.44	60	7	2	NR_L3_P2_T1_C7_2	Bulk soil	q1	2.2432729168713057	q1 (typical species)
4.12NR	GTAGAGGAAAGGAGTA	TAGCATGGAATAATNNAATA	4	178.4	Non-rizospheric12	Non-rizospheric1	Non-rizospheric	48	83	6.8	Wet	36	67	TCTGGACCTGGTGAGTTTCC	9	5.17	7.6	28.86	590.4	1.81	2	1.77	19.9	59.04	12.09	85.71	67	12	2	NR_L4_P2_T1_C12_2	Bulk soil	q1	1.0960084835501174	q1 (typical species)
4.16RI	AGGCAGAAAGAGTAGA	TAGCATGGAATAATNNAATA	4	75.7	Rizospheric21	Rizospheric2	Rizospheric	41	56	3.6	Dry	41	19.5	TCTGGACCTGGTGAGTTTCC	9	6.34	7.7	26.04	554.5	2.4	1	1.92	8.8	59.94	14.01	80	50	16	2	RI_L4_P1_T2_C16_2	Rhizosphere	q1	1.7303063290904312	q1 (typical species)
4.1NR	GGACTCCTACTGCATA	TAGCATGGAATAATNNAATA	4	172.7	Non-rizospheric13	Non-rizospheric1	Non-rizospheric	55	81	8.8	Wet	41	57	TCTGGACCTGGTGAGTTTCC	9	6.34	7.7	26.04	554.5	2.4	3	1.92	25.2	59.94	14.01	70	54	1	2	NR_L4_P3_T1_C1_2	Bulk soil	q1	12.132887921377971	q1 (typical species)
5.8NR	AAGAGGCAAGAGTAGA	TAGCATGGAATAATNNAATA	5	35.5	Non-rizospheric33	Non-rizospheric3	Non-rizospheric	43	45	1.2	Extreme_dry	41	7.5	TCTGGACCTGGTGAGTTTCC	6	6.34	7.7	26.04	554.5	2.4	3	1.92	6.2	59.94	14.01	80	62	8	2	NR_L5_P3_T3_C8_2	Bulk soil	q1	2.0706262465347125	q1 (typical species)
6.16RI	TCCTGAGCAGAGTAGA	TAGCATGGAATAATNNAATA	6	91.5	Rizospheric11	Rizospheric1	Rizospheric	58	70	2.4	Wet	36	12.9	TCTGGACCTGGTGAGTTTCC	8	5.17	7.6	28.86	590.4	1.81	1	1.77	10.5	59.04	12.09	25	51	16	2	RI_L6_P1_T1_C16_2	Rhizosphere	q1	1.4016272868867872	q1 (typical species)
7.1NR	TAGGCATGACTGCATA	TAGCATGGAATAATNNAATA	7	166	Non-rizospheric11	Non-rizospheric1	Non-rizospheric	60	88	5.6	Wet	31.99	48.9	TCTGGACCTGGTGAGTTTCC	11	9.03	8.07	30.61	607.4	1.68	1	2.06	26	53.76	15.62	50	55	1	2	NR_L7_P1_T1_C1_2	Bulk soil	q1	8.606279784125507	q1 (typical species)
7.9NR	AAGAGGCACTAAGCCT	TAGCATGGAATAATNNAATA	7	96.4	Non-rizospheric21	Non-rizospheric2	Non-rizospheric	52	75	4	Dry	31.99	24.8	TCTGGACCTGGTGAGTTTCC	9	9.03	8.07	30.61	607.4	1.68	1	2.06	14.9	53.76	15.62	70	63	9	2	NR_L7_P1_T2_C9_2	Bulk soil	q1	1.0351545787376042	q1 (typical species)
2.14NR	GGACTCCTACTGCATA	TAGCATGGAATAATNNAATA	2	66.3	Non-rizospheric22	Non-rizospheric2	Non-rizospheric	38	59	2.8	Dry	36	15.2	TCTGGACCTGGTGAGTTTCC	9	5.17	7.6	28.86	590.4	1.81	2	1.77	7.1	59.04	12.09	70	72	14	2	NR_L2_P2_T2_C14_2	Bulk soil	q1	4.061596946174125	q1 (typical species)
2.15NR	CGAGGCTGTAGATCGC	TAGCATGGAATAATNNAATA	2	78.4	Non-rizospheric22	Non-rizospheric2	Non-rizospheric	39	51	2.4	Dry	36	16	TCTGGACCTGGTGAGTTTCC	7	5.17	7.6	28.86	590.4	1.81	2	1.77	12.3	59.04	12.09	62.5	75	15	2	NR_L2_P2_T2_C15_2	Bulk soil	q1	1.4877118198111539	q1 (typical species)
2.15RO	TAAGGCGATAGATCGC	TAGCATGGAATAATNNAATA	2	78.4	Roots22	Roots2	Roots	39	51	2.4	Dry	36	16	TCTGGACCTGGTGAGTTTCC	7	5.17	7.6	28.86	590.4	1.81	2	1.77	12.3	59.04	12.09	62.5	21	15	2	RO_L2_P2_T2_C15_2	Roots	q1	2.834491176048747	q1 (typical species)
2.16NR	CGAGGCTGCTCTCTAT	TAGCATGGAATAATNNAATA	2	75.7	Non-rizospheric23	Non-rizospheric2	Non-rizospheric	41	56	3.6	Dry	41	19.5	TCTGGACCTGGTGAGTTTCC	9	6.34	7.7	26.04	554.5	2.4	3	1.92	8.8	59.94	14.01	80	76	16	2	NR_L2_P3_T2_C16_2	Bulk soil	q1	1.0553438513408644	q1 (typical species)
2.16RO	AGGCAGAATATCCTCT	TAGCATGGAATAATNNAATA	2	75.7	Roots23	Roots2	Roots	41	56	3.6	Dry	41	19.5	TCTGGACCTGGTGAGTTTCC	9	6.34	7.7	26.04	554.5	2.4	3	1.92	8.8	59.94	14.01	80	22	16	2	RO_L2_P3_T2_C16_2	Roots	q1	2.621274301671897	q1 (typical species)
3.14NR	TAGGCATGACTGCATA	TAGCATGGAATAATNNAATA	3	39	Non-rizospheric31	Non-rizospheric3	Non-rizospheric	52	40	1.6	Extreme_dry	31.99	8.5	TCTGGACCTGGTGAGTTTCC	5	9.03	8.07	30.61	607.4	1.68	1	2.06	6.5	53.76	15.62	40	73	14	2	NR_L3_P1_T3_C14_2	Bulk soil	q1	1.9449586093650206	q1 (typical species)
3.16NR	CGAGGCTGTATCCTCT	TAGCATGGAATAATNNAATA	3	91.5	Non-rizospheric22	Non-rizospheric2	Non-rizospheric	58	70	2.4	Dry	36	12.9	TCTGGACCTGGTGAGTTTCC	8	5.17	7.6	28.86	590.4	1.81	2	1.77	10.5	59.04	12.09	25	77	16	2	NR_L3_P2_T2_C16_2	Bulk soil	q1	1.2434578272644223	q1 (typical species)
3.16RO	AGGCAGAAAGAGTAGA	TAGCATGGAATAATNNAATA	3	91.5	Roots22	Roots2	Roots	58	70	2.4	Dry	36	12.9	TCTGGACCTGGTGAGTTTCC	8	5.17	7.6	28.86	590.4	1.81	2	1.77	10.5	59.04	12.09	25	23	16	2	RO_L3_P2_T2_C16_2	Roots	q1	2.602964690826411	q1 (typical species)
4.16NR	CGAGGCTGAGAGTAGA	TAGCATGGAATAATNNAATA	4	75.7	Non-rizospheric21	Non-rizospheric2	Non-rizospheric	41	56	3.6	Dry	41	19.5	TCTGGACCTGGTGAGTTTCC	9	6.34	7.7	26.04	554.5	2.4	1	1.92	8.8	59.94	14.01	80	78	16	2	NR_L4_P1_T2_C16_2	Bulk soil	q1	1.0239537401057897	q1 (typical species)
4.18NR	AAGAGGCAAGAGTAGA	TAGCATGGAATAATNNAATA	4	152.4	Non-rizospheric13	Non-rizospheric1	Non-rizospheric	59	85	8	Wet	41	39.2	TCTGGACCTGGTGAGTTTCC	10	6.34	7.7	26.04	554.5	2.4	3	1.92	22.4	59.94	14.01	60	80	18	2	NR_L4_P3_T1_C18_2	Bulk soil	q1	1.3519353711376125	q1 (typical species)
5.14NR	TAGGCATGAAGGAGTA	TAGCATGGAATAATNNAATA	5	39.7	Non-rizospheric32	Non-rizospheric3	Non-rizospheric	23	38	1.6	Extreme_dry	36	12.6	TCTGGACCTGGTGAGTTTCC	5	5.17	7.6	28.86	590.4	1.81	2	1.77	6.3	59.04	12.09	70	74	14	2	NR_L5_P2_T3_C14_2	Bulk soil	q1	1	q1 (typical species)
6.16NR	AAGAGGCACTCTCTAT	TAGCATGGAATAATNNAATA	6	91.5	Non-rizospheric11	Non-rizospheric1	Non-rizospheric	58	70	2.4	Wet	36	12.9	TCTGGACCTGGTGAGTTTCC	8	5.17	7.6	28.86	590.4	1.81	1	1.77	10.5	59.04	12.09	25	79	16	2	NR_L6_P1_T1_C16_2	Bulk soil	q1	1	q1 (typical species)
7.23NR	AAGAGGCACTAAGCCT	TAGCATGGAATAATNNAATA	7	67.1	Non-rizospheric23	Non-rizospheric2	Non-rizospheric	46	67	5.6	Dry	41	15.6	TCTGGACCTGGTGAGTTTCC	6	6.34	7.7	26.04	554.5	2.4	3	1.92	11.6	59.94	14.01	83.33	81	23	2	NR_L7_P3_T2_C23_2	Bulk soil	q1	1	q1 (typical species)
1.2RO	TAAGGCGATATCCTCT	TAGCATGGAATAATNNAATA	1	36.2	Roots32	Roots3	Roots	37	45	3.2	Extreme_dry	36	10.7	TCTGGACCTGGTGAGTTTCC	5	5.17	7.6	28.86	590.4	1.81	2	1.77	9.9	59.04	12.09	40	3	2	2	RO_L1_P2_T3_C2_2	Roots	q2	6.533199649078832	q2 (dominant species)
1.8RO	TAAGGCGACTAAGCCT	TAGCATGGAATAATNNAATA	1	39	Roots31	Roots3	Roots	36	37	1.6	Extreme_dry	31.99	8.1	TCTGGACCTGGTGAGTTTCC	6	9.03	8.07	30.61	607.4	1.68	1	2.06	8.5	53.76	15.62	28.57	8	8	2	RO_L1_P1_T3_C8_2	Roots	q2	2.512592378978072	q2 (dominant species)
2.10RO	CGTACTAGTATCCTCT	TAGCATGGAATAATNNAATA	2	53.4	Roots32	Roots3	Roots	41	49	1.6	Extreme_dry	36	13.5	TCTGGACCTGGTGAGTTTCC	6	5.17	7.6	28.86	590.4	1.81	2	1.77	6.2	59.04	12.09	62.5	11	10	2	RO_L2_P2_T3_C10_2	Roots	q2	3.5973229281361476	q2 (dominant species)
2.14RO	AGGCAGAACTCTCTAT	TAGCATGGAATAATNNAATA	2	66.3	Roots22	Roots2	Roots	38	59	2.8	Dry	36	15.2	TCTGGACCTGGTGAGTTTCC	9	5.17	7.6	28.86	590.4	1.81	2	1.77	7.1	59.04	12.09	70	18	14	2	RO_L2_P2_T2_C14_2	Roots	q2	1.3711199272182042	q2 (dominant species)
2.3RO	TAAGGCGAAGAGTAGA	TAGCATGGAATAATNNAATA	2	39.2	Roots31	Roots3	Roots	43	46	2	Extreme_dry	31.99	4.8	TCTGGACCTGGTGAGTTTCC	5	9.03	8.07	30.61	607.4	1.68	1	2.06	10.6	53.76	15.62	50	4	3	2	RO_L2_P1_T3_C3_2	Roots	q2	6.090797657420438	q2 (dominant species)
2.7RO	TAAGGCGAACTGCATA	TAGCATGGAATAATNNAATA	2	78	Roots21	Roots2	Roots	38	73	4.8	Dry	31.99	15.4	TCTGGACCTGGTGAGTTTCC	7	9.03	8.07	30.61	607.4	1.68	1	2.06	10.1	53.76	15.62	80	6	7	2	RO_L2_P1_T2_C7_2	Roots	q2	1.3809188282090719	q2 (dominant species)
3.14RO	AGGCAGAATATCCTCT	TAGCATGGAATAATNNAATA	3	39	Roots31	Roots3	Roots	52	40	1.6	Extreme_dry	31.99	8.5	TCTGGACCTGGTGAGTTTCC	5	9.03	8.07	30.61	607.4	1.68	1	2.06	6.5	53.76	15.62	40	19	14	2	RO_L3_P1_T3_C14_2	Roots	q2	9.744132722807196	q2 (dominant species)
3.7RO	TAAGGCGAAAGGAGTA	TAGCATGGAATAATNNAATA	3	186.6	Roots12	Roots1	Roots	52	84	8.4	Wet	36	74	TCTGGACCTGGTGAGTTTCC	9	5.17	7.6	28.86	590.4	1.81	2	1.77	23.1	59.04	12.09	44.44	7	7	2	RO_L3_P2_T1_C7_2	Roots	q2	4.021357127063199	q2 (dominant species)
4.12RO	CGTACTAGACTGCATA	TAGCATGGAATAATNNAATA	4	178.4	Roots12	Roots1	Roots	48	83	6.8	Wet	36	67	TCTGGACCTGGTGAGTTTCC	9	5.17	7.6	28.86	590.4	1.81	2	1.77	19.9	59.04	12.09	85.71	14	12	2	RO_L4_P2_T1_C12_2	Roots	q2	3.2905744360902256	q2 (dominant species)
4.16RO	TCCTGAGCAGAGTAGA	TAGCATGGAATAATNNAATA	4	75.7	Roots21	Roots2	Roots	41	56	3.6	Dry	41	19.5	TCTGGACCTGGTGAGTTTCC	9	6.34	7.7	26.04	554.5	2.4	1	1.92	8.8	59.94	14.01	80	24	16	2	RO_L4_P1_T2_C16_2	Roots	q2	3.9481295479494376	q2 (dominant species)
4.1RO	TAAGGCGATAGATCGC	TAGCATGGAATAATNNAATA	4	172.7	Roots13	Roots1	Roots	55	81	8.8	Wet	41	57	TCTGGACCTGGTGAGTTTCC	9	6.34	7.7	26.04	554.5	2.4	3	1.92	25.2	59.94	14.01	70	1	1	2	RO_L4_P3_T1_C1_2	Roots	q2	2.3681221564044304	q2 (dominant species)
5.14RO	AGGCAGAAAGAGTAGA	TAGCATGGAATAATNNAATA	5	39.7	Roots32	Roots3	Roots	23	38	1.6	Extreme_dry	36	12.6	TCTGGACCTGGTGAGTTTCC	5	5.17	7.6	28.86	590.4	1.81	2	1.77	6.3	59.04	12.09	70	20	14	2	RO_L5_P2_T3_C14_2	Roots	q2	3.943709308036645	q2 (dominant species)
5.8RO	CGTACTAGTAGATCGC	TAGCATGGAATAATNNAATA	5	35.5	Roots33	Roots3	Roots	43	45	1.2	Extreme_dry	41	7.5	TCTGGACCTGGTGAGTTTCC	6	6.34	7.7	26.04	554.5	2.4	3	1.92	6.2	59.94	14.01	80	9	8	2	RO_L5_P3_T3_C8_2	Roots	q2	8.120686095523538	q2 (dominant species)
6.13RO	AGGCAGAATAGATCGC	TAGCATGGAATAATNNAATA	6	222.2	Roots13	Roots1	Roots	67	82	20.8	Wet	41	79.5	TCTGGACCTGGTGAGTTTCC	9	6.34	7.7	26.04	554.5	2.4	3	1.92	33.5	59.94	14.01	90	17	13	2	RO_L6_P3_T1_C13_2	Roots	q2	1.1864091615416303	q2 (dominant species)
7.1RO	TAAGGCGACTCTCTAT	TAGCATGGAATAATNNAATA	7	166	Roots11	Roots1	Roots	60	88	5.6	Wet	31.99	48.9	TCTGGACCTGGTGAGTTTCC	11	9.03	8.07	30.61	607.4	1.68	1	2.06	26	53.76	15.62	50	2	1	2	RO_L7_P1_T1_C1_2	Roots	q2	3.3604313099784617	q2 (dominant species)
7.23RO	GGACTCCTACTGCATA	TAGCATGGAATAATNNAATA	7	67.1	Roots23	Roots2	Roots	46	67	5.6	Dry	41	15.6	TCTGGACCTGGTGAGTTTCC	6	6.34	7.7	26.04	554.5	2.4	3	1.92	11.6	59.94	14.01	83.33	27	23	2	RO_L7_P3_T2_C23_2	Roots	q2	1.2683200603814482	q2 (dominant species)
7.9RO	CGTACTAGCTCTCTAT	TAGCATGGAATAATNNAATA	7	96.4	Roots21	Roots2	Roots	52	75	4	Dry	31.99	24.8	TCTGGACCTGGTGAGTTTCC	9	9.03	8.07	30.61	607.4	1.68	1	2.06	14.9	53.76	15.62	70	10	9	2	RO_L7_P1_T2_C9_2	Roots	q2	1.5026665046552052	q2 (dominant species)
1.8RI	GGACTCCTACTGCATA	TAGCATGGAATAATNNAATA	1	39	Rizospheric31	Rizospheric3	Rizospheric	36	37	1.6	Extreme_dry	31.99	8.1	TCTGGACCTGGTGAGTTTCC	6	9.03	8.07	30.61	607.4	1.68	1	2.06	8.5	53.76	15.62	28.57	34	8	2	RI_L1_P1_T3_C8_2	Rhizosphere	q2	2.199325415568505	q2 (dominant species)
2.10RI	CGAGGCTGTAGATCGC	TAGCATGGAATAATNNAATA	2	53.4	Rizospheric32	Rizospheric3	Rizospheric	41	49	1.6	Extreme_dry	36	13.5	TCTGGACCTGGTGAGTTTCC	6	5.17	7.6	28.86	590.4	1.81	2	1.77	6.2	59.04	12.09	62.5	37	10	2	RI_L2_P2_T3_C10_2	Rhizosphere	q2	1.6060063462725984	q2 (dominant species)
2.11RI	CGAGGCTGTATCCTCT	TAGCATGGAATAATNNAATA	2	139.8	Rizospheric12	Rizospheric1	Rizospheric	53	71	2	Wet	36	44.1	TCTGGACCTGGTGAGTTTCC	10	5.17	7.6	28.86	590.4	1.81	2	1.77	17.1	59.04	12.09	50	39	11	2	RI_L2_P2_T1_C11_2	Rhizosphere	q2	1.0643407126882771	q2 (dominant species)
2.13RI	AAGAGGCACTCTCTAT	TAGCATGGAATAATNNAATA	2	42.2	Rizospheric33	Rizospheric3	Rizospheric	30	46	2.4	Extreme_dry	41	10.2	TCTGGACCTGGTGAGTTTCC	6	6.34	7.7	26.04	554.5	2.4	3	1.92	9	59.94	14.01	50	41	13	2	RI_L2_P3_T3_C13_2	Rhizosphere	q2	1.1565787372578669	q2 (dominant species)
2.14RI	GTAGAGGACTCTCTAT	TAGCATGGAATAATNNAATA	2	66.3	Rizospheric22	Rizospheric2	Rizospheric	38	59	2.8	Dry	36	15.2	TCTGGACCTGGTGAGTTTCC	9	5.17	7.6	28.86	590.4	1.81	2	1.77	7.1	59.04	12.09	70	44	14	2	RI_L2_P2_T2_C14_2	Rhizosphere	q2	1.3666970271779695	q2 (dominant species)
2.3RI	AGGCAGAAAGAGTAGA	TAGCATGGAATAATNNAATA	2	39.2	Rizospheric31	Rizospheric3	Rizospheric	43	46	2	Extreme_dry	31.99	4.8	TCTGGACCTGGTGAGTTTCC	5	9.03	8.07	30.61	607.4	1.68	1	2.06	10.6	53.76	15.62	50	30	3	2	RI_L2_P1_T3_C3_2	Rhizosphere	q2	11.744937730858222	q2 (dominant species)
3.10RI	CGAGGCTGCTCTCTAT	TAGCATGGAATAATNNAATA	3	47.9	Rizospheric23	Rizospheric2	Rizospheric	45	57	2.8	Dry	41	10.9	TCTGGACCTGGTGAGTTTCC	5	6.34	7.7	26.04	554.5	2.4	3	1.92	7.2	59.94	14.01	70	38	10	2	RI_L3_P3_T2_C10_2	Rhizosphere	q2	1.282483093530106	q2 (dominant species)
3.13RI	AAGAGGCAAGAGTAGA	TAGCATGGAATAATNNAATA	3	150.7	Rizospheric11	Rizospheric1	Rizospheric	69	67	8	Wet	31.99	53	TCTGGACCTGGTGAGTTTCC	11	9.03	8.07	30.61	607.4	1.68	1	2.06	19.6	53.76	15.62	33.33	42	13	2	RI_L3_P1_T1_C13_2	Rhizosphere	q2	1.1869843418037578	q2 (dominant species)
3.14RI	GTAGAGGAAGAGTAGA	TAGCATGGAATAATNNAATA	3	39	Rizospheric31	Rizospheric3	Rizospheric	52	40	1.6	Extreme_dry	31.99	8.5	TCTGGACCTGGTGAGTTTCC	5	9.03	8.07	30.61	607.4	1.68	1	2.06	6.5	53.76	15.62	40	45	14	2	RI_L3_P1_T3_C14_2	Rhizosphere	q2	1.5246519923380328	q2 (dominant species)
3.4RI	TCCTGAGCAGAGTAGA	TAGCATGGAATAATNNAATA	3	48.2	Rizospheric33	Rizospheric3	Rizospheric	41	44	2	Extreme_dry	41	8.8	TCTGGACCTGGTGAGTTTCC	5	6.34	7.7	26.04	554.5	2.4	3	1.92	10.8	59.94	14.01	90	31	4	2	RI_L3_P3_T3_C4_2	Rhizosphere	q2	3.6319123693207045	q2 (dominant species)
4.12RI	CGAGGCTGAGAGTAGA	TAGCATGGAATAATNNAATA	4	178.4	Rizospheric12	Rizospheric1	Rizospheric	48	83	6.8	Wet	36	67	TCTGGACCTGGTGAGTTTCC	9	5.17	7.6	28.86	590.4	1.81	2	1.77	19.9	59.04	12.09	85.71	40	12	2	RI_L4_P2_T1_C12_2	Rhizosphere	q2	1.1848273314311846	q2 (dominant species)
4.1RI	TAAGGCGATAGATCGC	TAGCATGGAATAATNNAATA	4	172.7	Rizospheric13	Rizospheric1	Rizospheric	55	81	8.8	Wet	41	57	TCTGGACCTGGTGAGTTTCC	9	6.34	7.7	26.04	554.5	2.4	3	1.92	25.2	59.94	14.01	70	28	1	2	RI_L4_P3_T1_C1_2	Rhizosphere	q2	4.583661072864101	q2 (dominant species)
5.14RI	GTAGAGGAACTGCATA	TAGCATGGAATAATNNAATA	5	39.7	Rizospheric32	Rizospheric3	Rizospheric	23	38	1.6	Extreme_dry	36	12.6	TCTGGACCTGGTGAGTTTCC	5	5.17	7.6	28.86	590.4	1.81	2	1.77	6.3	59.04	12.09	70	46	14	2	RO_L5_P2_T3_C14_2	Rhizosphere	q2	1.4464343656707737	q2 (dominant species)
5.8RI	TAGGCATGACTGCATA	TAGCATGGAATAATNNAATA	5	35.5	Rizospheric33	Rizospheric3	Rizospheric	43	45	1.2	Extreme_dry	41	7.5	TCTGGACCTGGTGAGTTTCC	6	6.34	7.7	26.04	554.5	2.4	3	1.92	6.2	59.94	14.01	80	35	8	2	RI_L5_P3_T3_C8_2	Rhizosphere	q2	1.5636532687939793	q2 (dominant species)
6.13RI	AAGAGGCACTAAGCCT	TAGCATGGAATAATNNAATA	6	222.2	Rizospheric13	Rizospheric1	Rizospheric	67	82	20.8	Wet	41	79.5	TCTGGACCTGGTGAGTTTCC	9	6.34	7.7	26.04	554.5	2.4	3	1.92	33.5	59.94	14.01	90	43	13	2	RI_L6_P3_T1_C13_2	Rhizosphere	q2	1.1371764783771405	q2 (dominant species)
7.1RI	CGTACTAGCTCTCTAT	TAGCATGGAATAATNNAATA	7	166	Rizospheric11	Rizospheric1	Rizospheric	60	88	5.6	Wet	31.99	48.9	TCTGGACCTGGTGAGTTTCC	11	9.03	8.07	30.61	607.4	1.68	1	2.06	26	53.76	15.62	50	29	1	2	RI_L7_P1_T1_C1_2	Rhizosphere	q2	1.5710421835200417	q2 (dominant species)
7.9RI	TAGGCATGAAGGAGTA	TAGCATGGAATAATNNAATA	7	96.4	Rizospheric21	Rizospheric2	Rizospheric	52	75	4	Dry	31.99	24.8	TCTGGACCTGGTGAGTTTCC	9	9.03	8.07	30.61	607.4	1.68	1	2.06	14.9	53.76	15.62	70	36	9	2	RI_L7_P1_T2_C9_2	Rhizosphere	q2	1.198888963567915	q2 (dominant species)
1.2NR	TAGGCATGAAGGAGTA	TAGCATGGAATAATNNAATA	1	36.2	Non-rizospheric32	Non-rizospheric3	Non-rizospheric	37	45	3.2	Extreme_dry	36	10.7	TCTGGACCTGGTGAGTTTCC	5	5.17	7.6	28.86	590.4	1.81	2	1.77	9.9	59.04	12.09	40	56	2	2	NR_L1_P2_T3_C2_2	Bulk soil	q2	1	q2 (dominant species)
1.8NR	AAGAGGCACTCTCTAT	TAGCATGGAATAATNNAATA	1	39	Non-rizospheric31	Non-rizospheric3	Non-rizospheric	36	37	1.6	Extreme_dry	31.99	8.1	TCTGGACCTGGTGAGTTTCC	6	9.03	8.07	30.61	607.4	1.68	1	2.06	8.5	53.76	15.62	28.57	61	8	2	NR_L1_P1_T3_C8_2	Bulk soil	q2	1.0107235522845046	q2 (dominant species)
2.10NR	GTAGAGGACTCTCTAT	TAGCATGGAATAATNNAATA	2	53.4	Non-rizospheric32	Non-rizospheric3	Non-rizospheric	41	49	1.6	Extreme_dry	36	13.5	TCTGGACCTGGTGAGTTTCC	6	5.17	7.6	28.86	590.4	1.81	2	1.77	6.2	59.04	12.09	62.5	64	10	2	NR_L2_P2_T3_C10_2	Bulk soil	q2	1.2395007818364248	q2 (dominant species)
2.11NR	GTAGAGGAACTGCATA	TAGCATGGAATAATNNAATA	2	139.8	Non-rizospheric12	Non-rizospheric1	Non-rizospheric	53	71	2	Wet	36	44.1	TCTGGACCTGGTGAGTTTCC	10	5.17	7.6	28.86	590.4	1.81	2	1.77	17.1	59.04	12.09	50	66	11	2	NR_L2_P2_T1_C11_2	Bulk soil	q2	1.1705437126888594	q2 (dominant species)
2.15RI	TAAGGCGATAGATCGC	TAGCATGGAATAATNNAATA	2	78.4	Rizospheric22	Rizospheric2	Rizospheric	39	51	2.4	Dry	36	16	TCTGGACCTGGTGAGTTTCC	7	5.17	7.6	28.86	590.4	1.81	2	1.77	12.3	59.04	12.09	62.5	47	15	2	RI_L2_P2_T2_C15_2	Rhizosphere	q2	1.143144019360486	q2 (dominant species)
2.3NR	CGAGGCTGTAGATCGC	TAGCATGGAATAATNNAATA	2	39.2	Non-rizospheric31	Non-rizospheric3	Non-rizospheric	43	46	2	Extreme_dry	31.99	4.8	TCTGGACCTGGTGAGTTTCC	5	9.03	8.07	30.61	607.4	1.68	1	2.06	10.6	53.76	15.62	50	57	3	2	NR_L2_P1_T3_C3_2	Bulk soil	q2	1.7015862350550957	q2 (dominant species)
2.7NR	CGAGGCTGTATCCTCT	TAGCATGGAATAATNNAATA	2	78	Non-rizospheric21	Non-rizospheric2	Non-rizospheric	38	73	4.8	Dry	31.99	15.4	TCTGGACCTGGTGAGTTTCC	7	9.03	8.07	30.61	607.4	1.68	1	2.06	10.1	53.76	15.62	80	59	7	2	NR_L2_P1_T2_C7_2	Bulk soil	q2	1.0245477644541525	q2 (dominant species)
3.10NR	GTAGAGGAAGAGTAGA	TAGCATGGAATAATNNAATA	3	47.9	Non-rizospheric23	Non-rizospheric2	Non-rizospheric	45	57	2.8	Dry	41	10.9	TCTGGACCTGGTGAGTTTCC	5	6.34	7.7	26.04	554.5	2.4	3	1.92	7.2	59.94	14.01	70	65	10	2	NR_L3_P3_T2_C10_2	Bulk soil	q2	1	q2 (dominant species)
3.16RI	AGGCAGAATATCCTCT	TAGCATGGAATAATNNAATA	3	91.5	Rizospheric22	Rizospheric2	Rizospheric	58	70	2.4	Dry	36	12.9	TCTGGACCTGGTGAGTTTCC	8	5.17	7.6	28.86	590.4	1.81	2	1.77	10.5	59.04	12.09	25	49	16	2	RI_L3_P2_T3_C16_2	Rhizosphere	q2	1.8260765373189032	q2 (dominant species)
3.4NR	CGAGGCTGCTCTCTAT	TAGCATGGAATAATNNAATA	3	48.2	Non-rizospheric33	Non-rizospheric3	Non-rizospheric	41	44	2	Extreme_dry	41	8.8	TCTGGACCTGGTGAGTTTCC	5	6.34	7.7	26.04	554.5	2.4	3	1.92	10.8	59.94	14.01	90	58	4	2	NR_L3_P3_T3_C4_2	Bulk soil	q2	1.5278792590978048	q2 (dominant species)
3.7NR	CGAGGCTGAGAGTAGA	TAGCATGGAATAATNNAATA	3	186.6	Non-rizospheric12	Non-rizospheric1	Non-rizospheric	52	84	8.4	Wet	36	74	TCTGGACCTGGTGAGTTTCC	9	5.17	7.6	28.86	590.4	1.81	2	1.77	23.1	59.04	12.09	44.44	60	7	2	NR_L3_P2_T1_C7_2	Bulk soil	q2	1.4939712963286815	q2 (dominant species)
4.12NR	GTAGAGGAAAGGAGTA	TAGCATGGAATAATNNAATA	4	178.4	Non-rizospheric12	Non-rizospheric1	Non-rizospheric	48	83	6.8	Wet	36	67	TCTGGACCTGGTGAGTTTCC	9	5.17	7.6	28.86	590.4	1.81	2	1.77	19.9	59.04	12.09	85.71	67	12	2	NR_L4_P2_T1_C12_2	Bulk soil	q2	1.0374400538463697	q2 (dominant species)
4.16RI	AGGCAGAAAGAGTAGA	TAGCATGGAATAATNNAATA	4	75.7	Rizospheric21	Rizospheric2	Rizospheric	41	56	3.6	Dry	41	19.5	TCTGGACCTGGTGAGTTTCC	9	6.34	7.7	26.04	554.5	2.4	1	1.92	8.8	59.94	14.01	80	50	16	2	RI_L4_P1_T2_C16_2	Rhizosphere	q2	1.35429063953164	q2 (dominant species)
4.1NR	GGACTCCTACTGCATA	TAGCATGGAATAATNNAATA	4	172.7	Non-rizospheric13	Non-rizospheric1	Non-rizospheric	55	81	8.8	Wet	41	57	TCTGGACCTGGTGAGTTTCC	9	6.34	7.7	26.04	554.5	2.4	3	1.92	25.2	59.94	14.01	70	54	1	2	NR_L4_P3_T1_C1_2	Bulk soil	q2	9.083222409780111	q2 (dominant species)
5.8NR	AAGAGGCAAGAGTAGA	TAGCATGGAATAATNNAATA	5	35.5	Non-rizospheric33	Non-rizospheric3	Non-rizospheric	43	45	1.2	Extreme_dry	41	7.5	TCTGGACCTGGTGAGTTTCC	6	6.34	7.7	26.04	554.5	2.4	3	1.92	6.2	59.94	14.01	80	62	8	2	NR_L5_P3_T3_C8_2	Bulk soil	q2	1.5192800279387872	q2 (dominant species)
6.16RI	TCCTGAGCAGAGTAGA	TAGCATGGAATAATNNAATA	6	91.5	Rizospheric11	Rizospheric1	Rizospheric	58	70	2.4	Wet	36	12.9	TCTGGACCTGGTGAGTTTCC	8	5.17	7.6	28.86	590.4	1.81	1	1.77	10.5	59.04	12.09	25	51	16	2	RI_L6_P1_T1_C16_2	Rhizosphere	q2	1.167742572840835	q2 (dominant species)
7.1NR	TAGGCATGACTGCATA	TAGCATGGAATAATNNAATA	7	166	Non-rizospheric11	Non-rizospheric1	Non-rizospheric	60	88	5.6	Wet	31.99	48.9	TCTGGACCTGGTGAGTTTCC	11	9.03	8.07	30.61	607.4	1.68	1	2.06	26	53.76	15.62	50	55	1	2	NR_L7_P1_T1_C1_2	Bulk soil	q2	5.342618184428732	q2 (dominant species)
7.9NR	AAGAGGCACTAAGCCT	TAGCATGGAATAATNNAATA	7	96.4	Non-rizospheric21	Non-rizospheric2	Non-rizospheric	52	75	4	Dry	31.99	24.8	TCTGGACCTGGTGAGTTTCC	9	9.03	8.07	30.61	607.4	1.68	1	2.06	14.9	53.76	15.62	70	63	9	2	NR_L7_P1_T2_C9_2	Bulk soil	q2	1.0112356004418497	q2 (dominant species)
2.14NR	GGACTCCTACTGCATA	TAGCATGGAATAATNNAATA	2	66.3	Non-rizospheric22	Non-rizospheric2	Non-rizospheric	38	59	2.8	Dry	36	15.2	TCTGGACCTGGTGAGTTTCC	9	5.17	7.6	28.86	590.4	1.81	2	1.77	7.1	59.04	12.09	70	72	14	2	NR_L2_P2_T2_C14_2	Bulk soil	q2	2.8765669045762614	q2 (dominant species)
2.15NR	CGAGGCTGTAGATCGC	TAGCATGGAATAATNNAATA	2	78.4	Non-rizospheric22	Non-rizospheric2	Non-rizospheric	39	51	2.4	Dry	36	16	TCTGGACCTGGTGAGTTTCC	7	5.17	7.6	28.86	590.4	1.81	2	1.77	12.3	59.04	12.09	62.5	75	15	2	NR_L2_P2_T2_C15_2	Bulk soil	q2	1.1903322827637082	q2 (dominant species)
2.15RO	TAAGGCGATAGATCGC	TAGCATGGAATAATNNAATA	2	78.4	Roots22	Roots2	Roots	39	51	2.4	Dry	36	16	TCTGGACCTGGTGAGTTTCC	7	5.17	7.6	28.86	590.4	1.81	2	1.77	12.3	59.04	12.09	62.5	21	15	2	RO_L2_P2_T2_C15_2	Roots	q2	2.1354296388542964	q2 (dominant species)
2.16NR	CGAGGCTGCTCTCTAT	TAGCATGGAATAATNNAATA	2	75.7	Non-rizospheric23	Non-rizospheric2	Non-rizospheric	41	56	3.6	Dry	41	19.5	TCTGGACCTGGTGAGTTTCC	9	6.34	7.7	26.04	554.5	2.4	3	1.92	8.8	59.94	14.01	80	76	16	2	NR_L2_P3_T2_C16_2	Bulk soil	q2	1.0192574735182307	q2 (dominant species)
2.16RO	AGGCAGAATATCCTCT	TAGCATGGAATAATNNAATA	2	75.7	Roots23	Roots2	Roots	41	56	3.6	Dry	41	19.5	TCTGGACCTGGTGAGTTTCC	9	6.34	7.7	26.04	554.5	2.4	3	1.92	8.8	59.94	14.01	80	22	16	2	RO_L2_P3_T2_C16_2	Roots	q2	2.146445928852	q2 (dominant species)
3.14NR	TAGGCATGACTGCATA	TAGCATGGAATAATNNAATA	3	39	Non-rizospheric31	Non-rizospheric3	Non-rizospheric	52	40	1.6	Extreme_dry	31.99	8.5	TCTGGACCTGGTGAGTTTCC	5	9.03	8.07	30.61	607.4	1.68	1	2.06	6.5	53.76	15.62	40	73	14	2	NR_L3_P1_T3_C14_2	Bulk soil	q2	1.3890344999577882	q2 (dominant species)
3.16NR	CGAGGCTGTATCCTCT	TAGCATGGAATAATNNAATA	3	91.5	Non-rizospheric22	Non-rizospheric2	Non-rizospheric	58	70	2.4	Dry	36	12.9	TCTGGACCTGGTGAGTTTCC	8	5.17	7.6	28.86	590.4	1.81	2	1.77	10.5	59.04	12.09	25	77	16	2	NR_L3_P2_T2_C16_2	Bulk soil	q2	1.0971523017738947	q2 (dominant species)
3.16RO	AGGCAGAAAGAGTAGA	TAGCATGGAATAATNNAATA	3	91.5	Roots22	Roots2	Roots	58	70	2.4	Dry	36	12.9	TCTGGACCTGGTGAGTTTCC	8	5.17	7.6	28.86	590.4	1.81	2	1.77	10.5	59.04	12.09	25	23	16	2	RO_L3_P2_T2_C16_2	Roots	q2	2.4190641966098885	q2 (dominant species)
4.16NR	CGAGGCTGAGAGTAGA	TAGCATGGAATAATNNAATA	4	75.7	Non-rizospheric21	Non-rizospheric2	Non-rizospheric	41	56	3.6	Dry	41	19.5	TCTGGACCTGGTGAGTTTCC	9	6.34	7.7	26.04	554.5	2.4	1	1.92	8.8	59.94	14.01	80	78	16	2	NR_L4_P1_T2_C16_2	Bulk soil	q2	1.0071619493389865	q2 (dominant species)
4.18NR	AAGAGGCAAGAGTAGA	TAGCATGGAATAATNNAATA	4	152.4	Non-rizospheric13	Non-rizospheric1	Non-rizospheric	59	85	8	Wet	41	39.2	TCTGGACCTGGTGAGTTTCC	10	6.34	7.7	26.04	554.5	2.4	3	1.92	22.4	59.94	14.01	60	80	18	2	NR_L4_P3_T1_C18_2	Bulk soil	q2	1.1367281496440342	q2 (dominant species)
5.14NR	TAGGCATGAAGGAGTA	TAGCATGGAATAATNNAATA	5	39.7	Non-rizospheric32	Non-rizospheric3	Non-rizospheric	23	38	1.6	Extreme_dry	36	12.6	TCTGGACCTGGTGAGTTTCC	5	5.17	7.6	28.86	590.4	1.81	2	1.77	6.3	59.04	12.09	70	74	14	2	NR_L5_P2_T3_C14_2	Bulk soil	q2	1	q2 (dominant species)
6.16NR	AAGAGGCACTCTCTAT	TAGCATGGAATAATNNAATA	6	91.5	Non-rizospheric11	Non-rizospheric1	Non-rizospheric	58	70	2.4	Wet	36	12.9	TCTGGACCTGGTGAGTTTCC	8	5.17	7.6	28.86	590.4	1.81	1	1.77	10.5	59.04	12.09	25	79	16	2	NR_L6_P1_T1_C16_2	Bulk soil	q2	1	q2 (dominant species)
7.23NR	AAGAGGCACTAAGCCT	TAGCATGGAATAATNNAATA	7	67.1	Non-rizospheric23	Non-rizospheric2	Non-rizospheric	46	67	5.6	Dry	41	15.6	TCTGGACCTGGTGAGTTTCC	6	6.34	7.7	26.04	554.5	2.4	3	1.92	11.6	59.94	14.01	83.33	81	23	2	NR_L7_P3_T2_C23_2	Bulk soil	q2	1	q2 (dominant species)
